Classification,Year,Period,Period Desc.,Aggregate Level,Is Leaf Code,Trade Flow Code,Trade Flow,Reporter Code,Reporter,Reporter ISO,Partner Code,Partner,Partner ISO,2nd Partner Code,2nd Partner,2nd Partner ISO,Customs Proc. Code,Customs,Mode of Transport Code,Mode of Transport,Commodity Code,Commodity,Qty Unit Code,Qty Unit,Qty,Alt Qty Unit Code,Alt Qty Unit,Alt Qty,Netweight (kg),Gross weight (kg),Trade Value (US$),CIF Trade Value (US$),FOB Trade Value (US$),Flag
HS,2016,201605,May 2016,6,1,1,Imports,52,Barbados,,0,World,,,,,,,,,010110,"Horses, asses, mules and hinnies; live, pure-bred breeding animals",0,,,,,,500,,2000,,,0
HS,2016,201605,May 2016,6,1,2,Exports,52,Barbados,,0,World,,,,,,,,,010110,"Horses, asses, mules and hinnies; live, pure-bred breeding animals",0,,,,,,500,,5000,,,0
HS,2016,201603,March 2016,6,1,1,Imports,52,Barbados,,0,World,,,,,,,,,010110,"Horses, asses, mules and hinnies; live, pure-bred breeding animals",0,,,,,,7306,,68750,,,0
HS,2016,201608,August 2016,6,1,1,Imports,52,Barbados,,0,World,,,,,,,,,010110,"Horses, asses, mules and hinnies; live, pure-bred breeding animals",0,,,,,,2500,,39000,,,0
HS,2016,201607,July 2016,6,1,1,Imports,508,Mozambique,,0,World,,,,,,,,,010110,"Horses, asses, mules and hinnies; live, pure-bred breeding animals",0,,,,,,152,,1579,,,0
HS,2016,201606,June 2016,6,1,1,Imports,508,Mozambique,,0,World,,,,,,,,,010110,"Horses, asses, mules and hinnies; live, pure-bred breeding animals",0,,,,,,500,,620,,,0
HS,2016,201601,January 2016,6,1,1,Imports,508,Mozambique,,0,World,,,,,,,,,010110,"Horses, asses, mules and hinnies; live, pure-bred breeding animals",0,,,,,,500,,1604,,,0
HS,2016,201608,August 2016,6,1,1,Imports,508,Mozambique,,0,World,,,,,,,,,010110,"Horses, asses, mules and hinnies; live, pure-bred breeding animals",0,,,,,,2900,,5789,,,0
HS,2016,201602,February 2016,6,1,1,Imports,508,Mozambique,,0,World,,,,,,,,,010110,"Horses, asses, mules and hinnies; live, pure-bred breeding animals",0,,,,,,1,,1,,,0
HS,2016,201604,April 2016,6,1,1,Imports,508,Mozambique,,0,World,,,,,,,,,010110,"Horses, asses, mules and hinnies; live, pure-bred breeding animals",0,,,,,,1200,,908,,,0
HS,2016,201602,February 2016,6,1,1,Imports,328,Guyana,,0,World,,,,,,,,,010110,"Horses, asses, mules and hinnies; live, pure-bred breeding animals",0,,,,,,122,,2092,,,0
HS,2016,201609,September 2016,6,1,1,Imports,508,Mozambique,,0,World,,,,,,,,,010110,"Horses, asses, mules and hinnies; live, pure-bred breeding animals",0,,,,,,2,,499,,,0
HS,2016,201612,December 2016,6,1,1,Imports,328,Guyana,,0,World,,,,,,,,,010110,"Horses, asses, mules and hinnies; live, pure-bred breeding animals",0,,,,,,12344,,42604,,,0
HS,2016,201611,November 2016,6,1,1,Imports,508,Mozambique,,0,World,,,,,,,,,010110,"Horses, asses, mules and hinnies; live, pure-bred breeding animals",0,,,,,,1400,,22632,,,0
HS,2016,201608,August 2016,6,1,1,Imports,328,Guyana,,0,World,,,,,,,,,010110,"Horses, asses, mules and hinnies; live, pure-bred breeding animals",0,,,,,,900,,4212,,,0
HS,2016,201607,July 2016,6,1,1,Imports,328,Guyana,,0,World,,,,,,,,,010110,"Horses, asses, mules and hinnies; live, pure-bred breeding animals",0,,,,,,1522,,11300,,,0
HS,2016,201605,May 2016,6,1,1,Imports,818,Egypt,,0,World,,,,,,,,,010110,"Horses, asses, mules and hinnies; live, pure-bred breeding animals",0,,,,,,,,1663,,,0
HS,2016,201612,December 2016,6,1,1,Imports,818,Egypt,,0,World,,,,,,,,,010110,"Horses, asses, mules and hinnies; live, pure-bred breeding animals",0,,,,,,,,3261,,,0
